Customer ID,Customer Segment,Revenue,Profit,Orders,Units,Avg Order Value,Margin,Last Purchase,Recency Days,Revenue Score,Frequency Score,Recency Score,Customer Score,Value Tier
CUST-0001,Budget,276355.98,75494.65,5,8,55271.195999999996,0.2731789990576647,2025-12-30,1,5,3,5,13,High Value
CUST-0002,Budget,49652.24,6629.78,4,4,12413.06,0.13352428812879338,2025-06-28,186,2,2,1,5,Low Engagement
CUST-0003,Regular,20095.99,4867.7,1,2,20095.99,0.2422224533352176,2025-02-01,333,1,1,1,3,Low Engagement
CUST-0004,Budget,19518.170000000002,7324.27,4,6,4879.5425000000005,0.3752539300559427,2025-12-20,11,1,2,5,8,At Risk
CUST-0005,Regular,41149.35,15012.59,3,5,13716.449999999999,0.3648317652648219,2025-08-26,127,2,1,1,4,Low Engagement
CUST-0006,Regular,129109.33,31572.31,4,7,32277.3325,0.24453933731977387,2025-04-12,263,4,2,1,7,At Risk
CUST-0007,Regular,111595.3,24928.67,6,8,18599.216666666667,0.22338458698529418,2025-11-16,45,4,4,3,11,Growing
CUST-0008,Premium,161617.95,31351.329999999998,4,5,40404.4875,0.19398420781850034,2025-10-06,86,4,2,2,8,At Risk
CUST-0009,Budget,89877.47,27361.3,5,10,17975.494,0.304428907489274,2025-12-29,2,3,3,5,11,Growing
CUST-0010,Regular,11823.19,1969.33,2,2,5911.595,0.16656503024987332,2025-05-23,222,1,1,1,3,Low Engagement
CUST-0011,Premium,50277.01,9454.650000000001,4,5,12569.2525,0.18805115896907953,2025-11-07,54,2,2,3,7,At Risk
CUST-0012,Budget,4332.2300000000005,1381.6,2,2,2166.1150000000002,0.31891196912444625,2025-12-09,22,1,1,4,6,At Risk
CUST-0013,Premium,185674.43,40690.44,4,6,46418.6075,0.21914940037785496,2025-12-25,6,5,2,5,12,Growing
CUST-0014,Regular,174187.34,23824.54,5,10,34837.468,0.13677538218334354,2025-09-28,94,5,3,2,10,Growing
CUST-0015,Premium,316157.66,68304.31,7,11,45165.38,0.21604508965558514,2025-10-16,76,5,5,2,12,Growing
CUST-0016,Budget,111210.52,19549.14,2,4,55605.26,0.1757849886863221,2025-08-12,141,3,1,1,5,Low Engagement
CUST-0017,Premium,276259.05000000005,59009.69,5,7,55251.81000000001,0.21360273989214107,2025-09-15,107,5,3,2,10,Growing
CUST-0018,Regular,95759.64,22476.2,3,6,31919.88,0.23471475038962136,2025-11-28,33,3,1,4,8,At Risk
CUST-0019,Regular,91981.92,24145.03,5,6,18396.384,0.26249756473880953,2025-08-02,151,3,3,1,7,At Risk
CUST-0020,Budget,199625.63,44379.38,12,17,16635.469166666666,0.22231303665766763,2025-12-25,6,5,5,5,15,High Value
CUST-0021,Budget,243070.59999999998,40904.53,7,12,34724.37142857142,0.16828250722218155,2025-12-05,26,5,5,4,14,High Value
CUST-0022,Regular,159549.34,20133.1,4,8,39887.335,0.12618729729624703,2025-08-20,133,4,2,1,7,At Risk
CUST-0023,Regular,32165.02,10372.470000000001,3,5,10721.673333333334,0.32247671538833184,2025-11-13,48,1,1,3,5,Low Engagement
CUST-0024,Budget,168310.32,35571.17,5,5,33662.064,0.2113427744656418,2025-11-18,43,5,3,3,11,Growing
CUST-0025,Regular,35019.17,6350.78,2,4,17509.585,0.18135152832006013,2025-09-21,101,1,1,2,4,Low Engagement
CUST-0026,Budget,153101.33000000002,52641.4,8,18,19137.666250000002,0.3438337211048395,2025-12-20,11,4,5,5,14,High Value
CUST-0027,Budget,99181.48999999999,20237.53,6,7,16530.248333333333,0.20404543226765398,2025-08-09,144,3,4,1,8,At Risk
CUST-0028,Regular,79104.98999999999,22062.18,6,9,13184.164999999999,0.2788974500850073,2025-12-06,25,3,4,4,11,Growing
CUST-0029,Regular,179002.32,20491.8,6,8,29833.72,0.11447784587372944,2025-08-17,136,5,4,1,10,Growing
CUST-0030,Premium,101319.8,18583.49,3,3,33773.26666666667,0.18341419939636677,2025-10-28,64,3,1,3,7,At Risk
CUST-0031,Regular,89336.57,13401.24,2,3,44668.285,0.15000844558952733,2025-06-11,203,3,1,1,5,Low Engagement
CUST-0032,Premium,11355.89,4470.200000000001,2,2,5677.945,0.39364594056476426,2025-10-14,78,1,1,2,4,Low Engagement
CUST-0033,Budget,33451.68,5975.45,2,2,16725.84,0.17862929455262036,2025-09-08,114,1,1,2,4,Low Engagement
CUST-0034,Budget,27994.47,8668.0,2,2,13997.235,0.3096325810061773,2025-06-12,202,1,1,1,3,Low Engagement
CUST-0035,Regular,126336.15,26498.29,5,9,25267.23,0.20974432100392487,2025-09-03,119,4,3,1,8,At Risk
CUST-0037,Regular,17623.65,5938.63,3,3,5874.55,0.3369693565180879,2025-12-05,26,1,1,4,6,At Risk
CUST-0038,Regular,285992.4,78659.99,2,8,142996.2,0.27504223888466967,2025-05-29,216,5,1,1,7,At Risk
CUST-0039,Regular,7367.22,2861.58,1,1,7367.22,0.388420598271804,2025-01-28,337,1,1,1,3,Low Engagement
CUST-0040,Regular,64400.219999999994,17750.48,2,2,32200.109999999997,0.27562762984350053,2025-12-24,7,2,1,5,8,At Risk
CUST-0041,Premium,252044.08,56374.26,5,8,50408.816,0.22366825675889712,2025-11-17,44,5,3,3,11,Growing
CUST-0042,Premium,98674.25,25737.489999999998,4,5,24668.5625,0.26083289206657256,2025-12-01,30,3,2,4,9,Growing
CUST-0043,Budget,60946.3,18861.079999999998,4,6,15236.575,0.30947046826468544,2025-12-12,19,2,2,4,8,At Risk
CUST-0044,Regular,35737.75,10688.05,4,5,8934.4375,0.29906891172499667,2025-12-07,24,1,2,4,7,At Risk
CUST-0045,Premium,154479.15,43073.8,6,12,25746.524999999998,0.27883245085178165,2025-08-30,123,4,4,1,9,Growing
CUST-0046,Regular,90134.12,26875.98,4,9,22533.53,0.2981776490412288,2025-10-19,73,3,2,3,8,At Risk
CUST-0047,Regular,145801.38,44521.68,8,12,18225.1725,0.30535842664863666,2025-11-22,39,4,5,4,13,High Value
CUST-0048,Regular,60800.74,18532.05,5,7,12160.148,0.3047997442136395,2025-12-20,11,2,3,5,10,Growing
CUST-0049,Budget,39770.75,12226.5,5,9,7954.15,0.30742442624290467,2025-12-27,4,2,3,5,10,Growing
CUST-0050,Budget,150788.72999999998,41326.06,5,8,30157.745999999996,0.27406597296760843,2025-10-08,84,4,3,2,9,Growing
CUST-0051,Regular,223715.09,46238.119999999995,7,10,31959.29857142857,0.20668306281887375,2025-12-23,8,5,5,5,15,High Value
CUST-0052,Regular,30248.84,5062.7,1,1,30248.84,0.16736840156515093,2025-11-02,59,1,1,3,5,Low Engagement
CUST-0053,Budget,11478.39,3711.58,4,5,2869.5975,0.3233537107556025,2025-11-18,43,1,2,3,6,At Risk
CUST-0054,Regular,100975.12,20321.02,7,8,14425.017142857143,0.2012477925255251,2025-11-07,54,3,5,3,11,Growing
CUST-0055,Regular,59769.2,12486.48,6,6,9961.533333333333,0.20891161333931188,2025-12-29,2,2,4,5,11,Growing
CUST-0056,Regular,222442.5,50941.100000000006,6,8,37073.75,0.22900794587365278,2025-09-20,102,5,4,2,11,Growing
CUST-0057,Regular,31505.34,13378.99,5,9,6301.068,0.42465785165308484,2025-08-16,137,1,3,1,5,Low Engagement
CUST-0058,Budget,237252.94,43157.19,6,10,39542.15666666667,0.1819037100235723,2025-10-16,76,5,4,2,11,Growing
CUST-0059,Regular,47160.8,17430.7,5,9,9432.16,0.3696014486607521,2025-06-18,196,2,3,1,6,At Risk
CUST-0060,Budget,101589.45999999999,32484.33,8,13,12698.682499999999,0.3197608295191254,2025-12-14,17,3,5,4,12,Growing
CUST-0061,Regular,64988.21,15679.84,6,7,10831.368333333334,0.24127207073406085,2025-11-28,33,2,4,4,10,Growing
CUST-0062,Budget,114483.15000000001,28899.9,7,9,16354.735714285716,0.252438022538688,2025-12-14,17,4,5,5,14,High Value
CUST-0063,Premium,349985.24,79545.67,9,15,38887.24888888889,0.227282927702894,2025-10-19,73,5,5,3,13,High Value
CUST-0064,Budget,118503.51000000001,22501.91,4,6,29625.877500000002,0.1898839114554497,2025-10-19,73,4,2,3,9,Growing
CUST-0065,Regular,138585.28,26295.559999999998,5,7,27717.056,0.18974280673964794,2025-10-29,63,4,3,3,10,Growing
CUST-0066,Regular,245023.96000000002,64510.08,4,7,61255.990000000005,0.2632807012016294,2025-10-19,73,5,2,3,10,Growing
CUST-0067,Regular,43949.630000000005,12352.11,5,7,8789.926000000001,0.28105151283412394,2025-10-20,72,2,3,3,8,At Risk
CUST-0068,Regular,105843.09,29190.82,5,9,21168.618,0.27579334654723325,2025-11-19,42,3,3,3,9,Growing
CUST-0069,Regular,160760.57,17550.53,5,7,32152.114,0.10917185725330532,2025-11-17,44,4,3,3,10,Growing
CUST-0070,Premium,285727.52,74009.04000000001,8,14,35715.94,0.2590196422101728,2025-12-30,1,5,5,5,15,High Value
CUST-0071,Regular,95760.81,25826.79,3,3,31920.27,0.2697010394962198,2025-12-11,20,3,1,4,8,At Risk
CUST-0072,Regular,94987.18000000001,13835.76,3,3,31662.393333333337,0.14565923527785538,2025-12-26,5,3,1,5,9,Growing
CUST-0073,Budget,208406.43000000002,30027.55,6,12,34734.405000000006,0.14408168692299944,2025-10-08,84,5,4,2,11,Growing
CUST-0074,Budget,30382.059999999998,8875.42,3,5,10127.353333333333,0.29212699863011266,2025-10-23,69,1,1,3,5,Low Engagement
CUST-0075,Budget,2337.44,928.5799999999999,2,2,1168.72,0.3972636730782394,2025-12-10,21,1,1,4,6,At Risk
CUST-0076,Regular,28387.78,9611.529999999999,2,2,14193.89,0.3385798396352233,2025-09-06,116,1,1,2,4,Low Engagement
CUST-0077,Regular,60378.4,17395.23,3,7,20126.133333333335,0.2881035270891577,2025-12-05,26,2,1,4,7,At Risk
CUST-0078,Budget,70977.74,24502.27,7,14,10139.677142857143,0.3452106251903766,2025-12-13,18,3,5,4,12,Growing
CUST-0079,Budget,254111.13,55576.229999999996,6,6,42351.855,0.21870836590274498,2025-12-14,17,5,4,5,14,High Value
CUST-0080,Regular,332472.81999999995,85537.40000000001,6,10,55412.13666666666,0.2572763692382434,2025-12-17,14,5,4,5,14,High Value
CUST-0081,Budget,142345.47999999998,39654.62,8,10,17793.184999999998,0.278580113678355,2025-10-20,72,4,5,3,12,Growing
CUST-0082,Regular,118440.98,35186.81,5,9,23688.196,0.2970830704035039,2025-10-16,76,4,3,2,9,Growing
CUST-0083,Regular,41632.05,10966.45,6,7,6938.675,0.2634136440554813,2025-12-09,22,2,4,4,10,Growing
CUST-0084,Regular,6028.16,2455.5099999999998,2,3,3014.08,0.4073398848073044,2025-11-20,41,1,1,3,5,Low Engagement
CUST-0085,Regular,108028.86,28478.879999999997,6,9,18004.81,0.26362288743952306,2025-12-29,2,3,4,5,12,Growing
CUST-0086,Regular,153236.75,33493.9,5,10,30647.35,0.21857615748180512,2025-08-01,152,4,3,1,8,At Risk
CUST-0087,Budget,277327.74,69176.7,4,7,69331.935,0.24944024712421484,2025-09-29,93,5,2,2,9,Growing
CUST-0088,Regular,112737.63,29472.28,5,7,22547.526,0.2614236258115413,2025-12-31,0,4,3,5,12,Growing
CUST-0089,Premium,106941.73000000001,25507.83,4,7,26735.432500000003,0.2385208281182659,2025-12-06,25,3,2,4,9,Growing
CUST-0090,Regular,61432.549999999996,11170.88,3,3,20477.516666666666,0.18183975758779344,2025-09-13,109,2,2,2,6,At Risk
CUST-0091,Regular,73225.62,13207.09,4,5,18306.405,0.18036160021588074,2025-11-16,45,3,2,3,8,At Risk
CUST-0092,Regular,98941.75,22003.16,4,7,24735.4375,0.22238498914765506,2025-04-24,251,3,2,1,6,At Risk
CUST-0093,Regular,42177.79,14277.45,4,5,10544.4475,0.3385063560703394,2025-12-06,25,2,2,4,8,At Risk
CUST-0094,Premium,145234.67,40867.66,4,9,36308.6675,0.28139052472801435,2025-10-27,65,4,2,3,9,Growing
CUST-0095,Budget,67643.26,14987.67,2,3,33821.63,0.2215693034309701,2025-10-22,70,3,1,3,7,At Risk
CUST-0096,Regular,39633.979999999996,13409.16,4,5,9908.494999999999,0.3383248414617962,2025-11-24,37,2,2,4,8,At Risk
CUST-0097,Regular,66401.08,21784.67,9,15,7377.897777777778,0.3280770433251989,2025-12-10,21,2,5,4,11,Growing
CUST-0098,Regular,221218.57,55115.36,8,11,27652.32125,0.24914436432709966,2025-12-17,14,5,5,5,15,High Value
CUST-0099,Budget,352039.69,53752.32,6,10,58673.28166666667,0.15268823807906431,2025-11-25,36,5,4,4,13,High Value
CUST-0100,Regular,53576.56,15626.56,4,5,13394.14,0.2916678487756586,2025-10-14,78,2,2,2,6,At Risk
CUST-0101,Budget,224313.38999999998,51470.55,4,8,56078.347499999996,0.22945821468794175,2025-09-12,110,5,2,2,9,Growing
CUST-0102,Budget,89273.99,30525.61,5,9,17854.798000000003,0.34193173173955815,2025-12-20,11,3,3,5,11,Growing
CUST-0103,Regular,54205.19,8500.4,2,3,27102.595,0.15681893191408422,2025-12-17,14,2,1,5,8,At Risk
CUST-0104,Budget,139191.77,35095.28,10,17,13919.177,0.25213617155669477,2025-12-27,4,4,5,5,14,High Value
CUST-0105,Regular,18215.09,6213.56,4,6,4553.7725,0.3411215645928733,2025-12-26,5,1,2,5,8,At Risk
CUST-0106,Budget,90391.75,27267.67,5,8,18078.35,0.3016610476066676,2025-12-26,5,3,3,5,11,Growing
CUST-0107,Budget,1323.86,635.45,1,1,1323.86,0.4799978849727313,2025-06-10,204,1,1,1,3,Low Engagement
CUST-0108,Budget,9816.720000000001,3471.3900000000003,2,2,4908.360000000001,0.35362015011123876,2025-08-10,143,1,1,1,3,Low Engagement
CUST-0109,Premium,143104.69,35325.49,10,13,14310.469000000001,0.24685067973663197,2025-10-18,74,4,5,2,11,Growing
CUST-0110,Budget,129344.55,31734.980000000003,6,12,21557.425,0.24535227808206841,2025-05-16,229,4,4,1,9,Growing
CUST-0111,Premium,24643.43,7890.450000000001,2,2,12321.715,0.3201847307781425,2025-09-18,104,1,1,2,4,Low Engagement
CUST-0112,Budget,27943.85,3042.78,1,1,27943.85,0.10888907577159197,2025-02-21,313,1,1,1,3,Low Engagement
CUST-0113,Budget,19361.35,8139.98,4,8,4840.3375,0.42042419562685457,2025-08-29,124,1,2,1,4,Low Engagement
CUST-0114,Budget,153271.53,42553.44,4,10,38317.8825,0.27763433952802585,2025-09-22,100,4,2,2,8,At Risk
CUST-0115,Budget,125589.32,33536.39,8,13,15698.665,0.2670321807618673,2025-12-06,25,4,5,4,13,High Value
CUST-0116,Regular,111429.65000000001,6601.14,3,7,37143.21666666667,0.05924042658305038,2025-10-12,80,3,2,2,7,At Risk
CUST-0117,Regular,6976.889999999999,2808.6400000000003,4,5,1744.2224999999999,0.4025633197599504,2025-12-22,9,1,2,5,8,At Risk
CUST-0118,Regular,141257.46000000002,21903.79,6,7,23542.910000000003,0.1550628901298381,2025-10-23,69,4,4,3,11,Growing
CUST-0119,Regular,189937.50999999998,50856.27,4,5,47484.377499999995,0.26775264138189453,2025-11-06,55,5,2,3,10,Growing
CUST-0120,Regular,67992.95,25576.87,6,8,11332.158333333333,0.3761694410964666,2025-11-07,54,3,4,3,10,Growing
CUST-0121,Regular,243063.8,61129.7,6,10,40510.63333333333,0.2514965206665904,2025-11-22,39,5,4,4,13,High Value
CUST-0122,Regular,47818.04,13374.84,5,6,9563.608,0.279702806723153,2025-08-31,122,2,3,1,6,At Risk
CUST-0123,Budget,35673.83,9887.35,2,3,17836.915,0.27715975548462274,2025-04-02,273,1,1,1,3,Low Engagement
CUST-0124,Regular,112298.11,29118.879999999997,5,5,22459.622,0.25929982258828754,2025-08-18,135,4,3,1,8,At Risk
CUST-0125,Budget,55339.59,17197.59,3,8,18446.53,0.31076468040330624,2025-12-31,0,2,2,5,9,Growing
CUST-0126,Premium,139236.99,11652.73,3,5,46412.329999999994,0.08368990165616191,2025-11-15,46,4,2,3,9,Growing
CUST-0127,Regular,30229.850000000002,8765.57,5,7,6045.97,0.2899640587035662,2025-11-20,41,1,3,3,7,At Risk
CUST-0128,Regular,118933.28,29087.370000000003,6,6,19822.213333333333,0.2445688036182976,2025-09-11,111,4,4,2,10,Growing
CUST-0129,Budget,180687.38,37909.93,4,5,45171.845,0.20980950634183748,2025-11-14,47,5,2,3,10,Growing
CUST-0130,Budget,64767.630000000005,14597.349999999999,3,4,21589.210000000003,0.22538033273720218,2025-12-03,28,2,2,4,8,At Risk
CUST-0131,Regular,45159.0,9574.619999999999,2,3,22579.5,0.21202019530990499,2025-09-17,105,2,1,2,5,Low Engagement
CUST-0132,Budget,10405.1,3082.17,2,2,5202.55,0.2962172396228772,2025-09-08,114,1,1,2,4,Low Engagement
CUST-0133,Regular,19705.36,6305.72,1,1,19705.36,0.32000024358854645,2025-09-28,94,1,1,2,4,Low Engagement
CUST-0134,Regular,34221.7,6390.59,2,2,17110.85,0.18674086909767781,2025-09-03,119,1,1,1,3,Low Engagement
CUST-0135,Budget,119911.23999999999,20995.260000000002,3,4,39970.41333333333,0.1750900082427636,2025-09-27,95,4,2,2,8,At Risk
CUST-0136,Budget,45705.950000000004,8043.42,3,4,15235.316666666668,0.17598190169988806,2025-11-19,42,2,2,3,7,At Risk
CUST-0137,Regular,40030.09,10872.529999999999,2,4,20015.045,0.27160893218076704,2025-09-22,100,2,1,2,5,Low Engagement
CUST-0138,Regular,21578.62,7588.5,3,3,7192.873333333333,0.3516675301757017,2025-09-25,97,1,2,2,5,Low Engagement
CUST-0139,Regular,16505.84,6029.039999999999,3,5,5501.946666666667,0.3652670812270081,2025-10-01,91,1,2,2,5,Low Engagement
CUST-0140,Budget,75583.52,24612.600000000002,6,10,12597.253333333334,0.3256344769335961,2025-10-13,79,3,4,2,9,Growing
CUST-0141,Premium,281869.43,69504.38,6,12,46978.238333333335,0.24658360433055831,2025-11-16,45,5,4,3,12,Growing
CUST-0142,Budget,21341.08,5937.38,2,2,10670.54,0.2782136611642897,2025-02-08,326,1,1,1,3,Low Engagement
CUST-0143,Regular,156331.53,34017.14,8,11,19541.44125,0.21759615606653374,2025-12-13,18,4,5,4,13,High Value
CUST-0144,Budget,360497.2,89722.9,7,10,51499.6,0.24888653781499548,2025-12-18,13,5,5,5,15,High Value
CUST-0145,Regular,267486.16000000003,52329.24,6,8,44581.02666666667,0.19563344884834413,2025-12-19,12,5,4,5,14,High Value
CUST-0146,Budget,136998.72999999998,3460.09,2,4,68499.36499999999,0.025256365515213174,2025-12-08,23,4,1,4,9,Growing
CUST-0147,Budget,129576.84999999999,32515.61,5,7,25915.37,0.25093687645594104,2025-12-19,12,4,3,5,12,Growing
CUST-0149,Regular,74327.62,14755.2,5,7,14865.524,0.19851570654354334,2025-12-15,16,3,3,5,11,Growing
CUST-0150,Regular,66727.1,20615.77,6,6,11121.183333333334,0.30895648095001876,2025-11-21,40,2,4,4,10,Growing
CUST-0151,Regular,111861.83,18472.75,4,6,27965.4575,0.16513899334563004,2025-12-26,5,4,2,5,11,Growing
CUST-0152,Budget,4400.389999999999,1615.08,2,2,2200.1949999999997,0.36703110406123096,2025-03-20,286,1,1,1,3,Low Engagement
CUST-0153,Regular,99423.59,29220.33,3,6,33141.19666666666,0.2938973537366736,2025-08-18,135,3,2,1,6,At Risk
CUST-0154,Premium,97170.48000000001,23290.91,2,3,48585.240000000005,0.23969121074630895,2025-11-11,50,3,1,3,7,At Risk
CUST-0155,Budget,5492.59,1750.3200000000002,2,2,2746.295,0.3186693345033946,2025-11-26,35,1,1,4,6,At Risk
CUST-0156,Regular,7596.15,3601.11,3,6,2532.0499999999997,0.4740704172508442,2025-12-23,8,1,2,5,8,At Risk
CUST-0157,Regular,102552.14,23989.21,5,10,20510.428,0.23392208100191766,2025-10-29,63,3,3,3,9,Growing
CUST-0158,Regular,131774.28,30071.35,3,8,43924.76,0.22820348553602418,2025-10-03,89,4,2,2,8,At Risk
CUST-0159,Regular,50617.72,10083.67,3,3,16872.573333333334,0.19921225215201316,2025-05-20,225,2,2,1,5,Low Engagement
CUST-0160,Regular,298757.4,57952.25,4,8,74689.35,0.19397762197689494,2025-10-19,73,5,2,3,10,Growing
CUST-0161,Regular,67336.45,13736.53,3,6,22445.483333333334,0.20399842878559832,2025-10-27,65,2,2,3,7,At Risk
CUST-0162,Regular,81433.01,22398.21,6,8,13572.168333333333,0.2750507441638225,2025-10-15,77,3,4,2,9,Growing
CUST-0163,Regular,4717.389999999999,1685.88,2,3,2358.6949999999997,0.357375582684493,2025-11-23,38,1,1,4,6,At Risk
CUST-0164,Regular,211557.97999999998,41841.67,5,10,42311.596,0.19777873659031914,2025-09-09,113,5,3,2,10,Growing
CUST-0165,Budget,113292.8,24655.16,5,6,22658.56,0.21762336176703195,2025-08-07,146,4,3,1,8,At Risk
CUST-0166,Premium,3088.61,788.5,1,1,3088.61,0.255292833993285,2025-03-19,287,1,1,1,3,Low Engagement
CUST-0167,Regular,23964.95,7512.55,4,11,5991.2375,0.3134807291481935,2025-12-25,6,1,2,5,8,At Risk
CUST-0168,Regular,268328.92,54273.38,9,17,29814.324444444443,0.20226437016181484,2025-12-25,6,5,5,5,15,High Value
CUST-0169,Regular,149988.34,39873.83,8,13,18748.5425,0.2658461984444924,2025-11-27,34,4,5,4,13,High Value
CUST-0170,Regular,66913.56,15744.27,3,4,22304.52,0.2352926671365266,2025-12-17,14,2,2,5,9,Growing
CUST-0171,Regular,47795.77,12926.35,5,7,9559.153999999999,0.27044966531557085,2025-12-01,30,2,3,4,9,Growing
CUST-0172,Regular,66100.97,13913.41,7,10,9442.995714285715,0.21048722885609697,2025-10-11,81,2,5,2,9,Growing
CUST-0173,Regular,35243.15,9102.27,2,3,17621.575,0.25827061428958537,2025-04-05,270,1,1,1,3,Low Engagement
CUST-0174,Budget,134033.84,14187.86,5,7,26806.768,0.10585282045190976,2025-11-21,40,4,3,4,11,Growing
CUST-0175,Budget,100789.97,18161.42,3,6,33596.65666666667,0.18019074715470199,2025-11-13,48,3,2,3,8,At Risk
CUST-0177,Budget,99396.79,28747.4,5,7,19879.358,0.2892185954898544,2025-12-11,20,3,3,4,10,Growing
CUST-0178,Regular,209999.82,37339.71,9,16,23333.313333333335,0.17780829526425307,2025-12-14,17,5,5,5,15,High Value
CUST-0179,Budget,113433.21,7031.389999999999,3,7,37811.07,0.06198704947166706,2025-10-20,72,4,2,3,9,Growing
CUST-0180,Regular,165171.18,39751.41,4,6,41292.795,0.24066795430050208,2025-12-02,29,4,2,4,10,Growing
CUST-0181,Budget,16441.92,5603.01,3,5,5480.639999999999,0.34077589478601045,2025-11-24,37,1,2,4,7,At Risk
CUST-0182,Regular,76707.39,15908.23,2,2,38353.695,0.2073884928166634,2025-10-18,74,3,1,2,6,At Risk
CUST-0183,Premium,278767.15,40856.450000000004,5,10,55753.43000000001,0.14656120708627254,2025-12-17,14,5,3,5,13,High Value
CUST-0184,Premium,34976.6,11612.33,4,7,8744.15,0.33200282474568715,2025-05-09,236,1,3,1,5,Low Engagement
CUST-0185,Budget,236181.27,47856.63,9,15,26242.36333333333,0.202626694318309,2025-11-29,32,5,5,4,14,High Value
CUST-0186,Budget,97338.94,20061.08,4,5,24334.735,0.20609511465812141,2025-10-01,91,3,3,2,8,At Risk
CUST-0187,Regular,187351.74,38868.32,6,11,31225.289999999997,0.20746175082227686,2025-09-05,117,5,4,2,11,Growing
CUST-0188,Regular,44310.21,14965.89,5,7,8862.042,0.33775263082707124,2025-09-17,105,2,4,2,8,At Risk
CUST-0189,Regular,37908.85,9608.56,2,4,18954.425,0.2534648241769402,2025-06-04,210,2,1,1,4,Low Engagement
CUST-0190,Regular,47309.54,10779.83,4,5,11827.385,0.2278574257961502,2025-11-27,34,2,3,4,9,Growing
CUST-0191,Budget,108540.81999999999,22013.39,8,11,13567.602499999999,0.2028120848911958,2025-10-16,76,3,5,2,10,Growing
CUST-0192,Budget,56144.57,13435.93,6,7,9357.428333333333,0.23930951826686,2025-12-19,12,2,4,5,11,Growing
CUST-0193,Budget,292040.23,62632.5,6,10,48673.371666666666,0.21446531527522766,2025-12-19,12,5,4,5,14,High Value
CUST-0194,Budget,349051.5,70276.38,7,15,49864.5,0.20133527574011287,2025-11-12,49,5,5,3,13,High Value
CUST-0195,Budget,30988.84,10406.58,4,4,7747.21,0.33581702316059586,2025-10-23,69,1,3,3,7,At Risk
CUST-0196,Regular,72650.11,18433.559999999998,4,7,18162.5275,0.25373065505337844,2025-12-25,6,3,3,5,11,Growing
CUST-0197,Premium,103948.2,23252.75,3,6,34649.4,0.22369555220773424,2025-06-27,187,3,2,1,6,At Risk
CUST-0198,Regular,272412.05,56912.43,7,11,38916.00714285714,0.2089203836614423,2025-09-11,111,5,5,2,12,Growing
CUST-0199,Budget,272795.82000000007,66245.08,6,11,45465.97000000001,0.24283759186632695,2025-11-15,46,5,4,3,12,Growing
CUST-0200,Budget,159699.73,30139.690000000002,5,10,31939.946000000004,0.18872724456077666,2025-12-01,30,4,4,4,12,Growing
CUST-0201,Premium,134714.32,33698.47,6,8,22452.38666666667,0.25014764577366383,2025-12-12,19,4,4,4,12,Growing
CUST-0203,Premium,59078.44,14524.400000000001,2,4,29539.22,0.2458494164707125,2025-12-25,6,2,1,5,8,At Risk
CUST-0204,Budget,306050.18,66726.04,4,9,76512.545,0.2180232012933304,2025-12-31,0,5,3,5,13,High Value
CUST-0205,Regular,82674.93,22511.039999999997,4,4,20668.7325,0.2722837503460844,2025-10-09,83,3,3,2,8,At Risk
CUST-0206,Premium,82036.67,14627.23,2,3,41018.335,0.1783011182682086,2025-06-28,186,3,1,1,5,Low Engagement
CUST-0207,Regular,36541.58,8508.3,2,2,18270.79,0.23283886465774054,2025-05-13,232,2,1,1,4,Low Engagement
CUST-0208,Premium,286420.94,59202.0,7,10,40917.27714285714,0.20669578139084382,2025-09-27,95,5,5,2,12,Growing
CUST-0209,Premium,18730.34,4448.82,2,2,9365.17,0.23751944705755473,2025-10-04,88,1,1,2,4,Low Engagement
CUST-0210,Regular,95379.89,7800.33,2,4,47689.945,0.08178170471783937,2025-11-07,54,3,1,3,7,At Risk
CUST-0211,Budget,121084.04000000001,9046.76,4,8,30271.010000000002,0.07471471880191642,2025-07-19,165,4,3,1,8,At Risk
CUST-0212,Regular,10255.970000000001,3824.87,2,4,5127.985000000001,0.3729408334852773,2025-09-28,94,1,1,2,4,Low Engagement
CUST-0213,Regular,107841.78,20354.53,5,6,21568.356,0.18874438088837184,2025-09-28,94,3,4,2,9,Growing
CUST-0214,Budget,75463.25,19154.190000000002,5,7,15092.65,0.25382142963627996,2025-08-10,143,3,4,1,8,At Risk
CUST-0215,Regular,152813.19,30833.95,5,8,30562.638,0.2017754488339652,2025-10-11,81,4,4,2,10,Growing
CUST-0216,Budget,10147.869999999999,3298.79,2,4,5073.9349999999995,0.32507215799965905,2025-02-15,319,1,1,1,3,Low Engagement
CUST-0217,Budget,113891.70999999999,7609.67,3,5,37963.90333333333,0.06681495957870859,2025-07-25,159,4,2,1,7,At Risk
CUST-0218,Regular,248563.8,67925.94,4,8,62140.95,0.27327366253653995,2025-12-02,29,5,3,4,12,Growing
CUST-0219,Budget,140030.59,34605.37,6,8,23338.431666666667,0.24712721698880225,2025-11-13,48,4,4,3,11,Growing
CUST-0220,Regular,269081.86,66817.45,6,10,44846.97666666666,0.24831644169547512,2025-10-22,70,5,4,3,12,Growing
CUST-0221,Premium,99240.25,21041.33,4,8,24810.0625,0.21202415350626386,2025-09-25,97,3,3,2,8,At Risk
CUST-0222,Budget,17585.39,6683.66,6,10,2930.898333333333,0.3800689094754225,2025-10-10,82,1,4,2,7,At Risk
CUST-0223,Regular,13328.029999999999,4292.54,2,5,6664.014999999999,0.3220686027867585,2025-12-04,27,1,1,4,6,At Risk
CUST-0224,Regular,52086.520000000004,17275.9,4,6,13021.630000000001,0.33167698667524725,2025-12-28,3,2,3,5,10,Growing
CUST-0225,Budget,65755.55,15974.53,6,9,10959.258333333333,0.24293812461457626,2025-12-09,22,2,4,4,10,Growing
CUST-0226,Regular,20304.370000000003,4931.89,2,2,10152.185000000001,0.2428979574347788,2025-11-19,42,1,1,3,5,Low Engagement
CUST-0227,Budget,44406.44,15645.96,5,5,8881.288,0.3523353819851355,2025-07-16,168,2,4,1,7,At Risk
CUST-0228,Regular,75191.89,19502.23,3,6,25063.963333333333,0.2593661364277451,2025-08-21,132,3,2,1,6,At Risk
CUST-0229,Regular,43742.47,12793.5,3,3,14580.823333333334,0.29247319595807003,2025-09-18,104,2,2,2,6,At Risk
CUST-0230,Regular,158396.68,27365.09,7,10,22628.097142857143,0.17276302760891202,2025-11-03,58,4,5,3,12,Growing
CUST-0231,Regular,66359.67,18459.36,6,8,11059.945,0.2781713652283081,2025-12-14,17,2,4,5,11,Growing
CUST-0232,Regular,274571.70999999996,75969.22999999998,4,8,68642.92749999999,0.27668265605367715,2025-09-02,120,5,3,1,9,Growing
CUST-0233,Regular,177352.46000000002,29640.21,9,13,19705.828888888893,0.1671260156188417,2025-10-15,77,5,5,2,12,Growing
CUST-0234,Regular,99775.68,33405.0,4,11,24943.92,0.33480102566076225,2025-11-12,49,3,3,3,9,Growing
CUST-0235,Budget,28393.260000000002,9382.49,2,3,14196.630000000001,0.3304477893697307,2025-07-06,178,1,1,1,3,Low Engagement
CUST-0236,Budget,52860.92,15426.3,4,5,13215.23,0.29182806504313585,2025-12-17,14,2,3,5,10,Growing
CUST-0237,Regular,186120.12,21091.379999999997,8,12,23265.015,0.11332133248141038,2025-11-26,35,5,5,4,14,High Value
CUST-0238,Budget,2075.77,756.5,1,1,2075.77,0.3644430741363446,2025-07-08,176,1,1,1,3,Low Engagement
CUST-0239,Budget,101431.1,27586.38,5,6,20286.22,0.27197161422877203,2025-09-21,101,3,4,2,9,Growing
CUST-0240,Regular,39238.6,10222.67,4,4,9809.65,0.26052585974015385,2025-09-10,112,2,3,2,7,At Risk
CUST-0241,Budget,69206.1,24201.76,9,14,7689.5666666666675,0.34970558953618247,2025-11-19,42,3,5,3,11,Growing
CUST-0242,Budget,19061.19,5966.07,2,2,9530.595,0.31299567340758894,2025-11-08,53,1,1,3,5,Low Engagement
CUST-0243,Regular,174923.37,43979.25,7,11,24989.052857142855,0.25142009326712605,2025-11-14,47,5,5,3,13,High Value
CUST-0244,Regular,65775.78,18318.26,5,5,13155.155999999999,0.27849551917134235,2025-12-11,20,2,4,4,10,Growing
CUST-0245,Budget,38476.630000000005,10062.83,4,5,9619.157500000001,0.26153096048172614,2025-10-08,84,2,3,2,7,At Risk
CUST-0246,Regular,89105.88,23679.04,4,4,22276.47,0.2657404876086741,2025-09-04,118,3,3,2,8,At Risk
CUST-0247,Budget,16880.870000000003,5588.49,2,2,8440.435000000001,0.3310546198152109,2025-08-15,138,1,1,1,3,Low Engagement
CUST-0248,Regular,98861.66,27435.16,5,10,19772.332000000002,0.2775106143271315,2025-11-26,35,3,4,4,11,Growing
CUST-0249,Budget,89937.01999999999,24806.98,4,7,22484.254999999997,0.27582612810609025,2025-12-12,19,3,3,4,10,Growing
CUST-0250,Budget,44524.06,13644.349999999999,5,8,8904.812,0.3064489177312222,2025-10-26,66,2,4,3,9,Growing
CUST-0251,Budget,3537.28,1414.91,1,1,3537.28,0.3999994345938122,2025-07-12,172,1,1,1,3,Low Engagement
CUST-0252,Budget,35028.63,8178.17,3,8,11676.21,0.2334710207050633,2025-09-17,105,1,2,2,5,Low Engagement
CUST-0253,Budget,285896.39,56953.3,6,12,47649.39833333334,0.19920958078554263,2025-11-20,41,5,4,3,12,Growing
CUST-0254,Regular,90014.95,18376.739999999998,5,9,18002.989999999998,0.20415208806981505,2025-06-30,184,3,4,1,8,At Risk
CUST-0255,Budget,35740.62,12546.97,3,3,11913.54,0.3510563051228546,2025-10-23,69,2,2,3,7,At Risk
CUST-0256,Budget,21091.72,6161.15,3,4,7030.573333333334,0.29211226016654873,2025-07-17,167,1,2,1,4,Low Engagement
CUST-0257,Budget,80688.01,21557.300000000003,4,5,20172.0025,0.2671685669283454,2025-11-10,51,3,3,3,9,Growing
CUST-0258,Premium,37594.25,9212.74,5,8,7518.85,0.24505715634704775,2025-10-30,62,2,4,3,9,Growing
CUST-0259,Budget,60480.259999999995,17525.2,5,6,12096.052,0.28976727282587744,2025-12-24,7,2,4,5,11,Growing
CUST-0260,Premium,505510.02999999997,97795.67,6,12,84251.67166666666,0.193459405741168,2025-12-27,4,5,4,5,14,High Value
CUST-0261,Regular,193543.34,43515.29,4,5,48385.835,0.22483486127706592,2025-11-17,44,5,3,3,11,Growing
CUST-0262,Regular,211403.68,35612.979999999996,6,10,35233.94666666666,0.16845960297379875,2025-11-02,59,5,4,3,12,Growing
CUST-0263,Regular,99430.37,28553.36,3,7,33143.456666666665,0.2871694030707117,2025-09-13,109,3,2,2,7,At Risk
CUST-0264,Regular,523390.74,124868.49,8,15,65423.8425,0.23857603976715372,2025-12-08,23,5,5,4,14,High Value
CUST-0265,Regular,142945.26,33455.8,6,8,23824.210000000003,0.23404623560095664,2025-11-20,41,4,4,3,11,Growing
CUST-0266,Budget,16111.86,6188.85,4,4,4027.965,0.3841176623927964,2025-09-11,111,1,3,2,6,At Risk
CUST-0267,Premium,292128.36,54963.44,8,10,36516.045,0.1881482509948709,2025-12-17,14,5,5,5,15,High Value
CUST-0268,Budget,7531.51,3036.63,2,3,3765.755,0.4031900641438437,2025-05-28,217,1,1,1,3,Low Engagement
CUST-0269,Budget,159166.08000000002,18510.5,6,8,26527.680000000004,0.11629676373257417,2025-10-23,69,4,4,3,11,Growing
CUST-0270,Budget,178039.51,42758.01,6,8,29673.251666666667,0.2401602318496608,2025-09-14,108,5,4,2,11,Growing
CUST-0271,Budget,184631.38,26816.29,5,7,36926.276,0.14524232012998006,2025-06-19,195,5,4,1,10,Growing
CUST-0272,Regular,84647.28,21762.32,4,5,21161.82,0.25709414407645464,2025-06-07,207,3,3,1,7,At Risk
CUST-0273,Budget,120854.59999999999,21349.24,3,4,40284.86666666666,0.17665227471689124,2025-12-02,29,4,2,4,10,Growing
CUST-0274,Regular,58521.840000000004,18797.19,6,7,9753.640000000001,0.3211995726723561,2025-12-07,24,2,4,4,10,Growing
CUST-0275,Regular,23387.629999999997,7047.08,3,3,7795.876666666666,0.3013165506722999,2025-09-30,92,1,2,2,5,Low Engagement
CUST-0276,Premium,6213.49,1586.27,1,2,6213.49,0.2552945285177895,2025-03-15,291,1,1,1,3,Low Engagement
CUST-0277,Budget,78442.09,20650.480000000003,7,10,11206.012857142856,0.26325764650074984,2025-09-15,107,3,5,2,10,Growing
CUST-0278,Premium,59738.600000000006,11660.43,2,2,29869.300000000003,0.1951908816075368,2025-12-24,7,2,1,5,8,At Risk
CUST-0279,Regular,146647.95,19716.88,4,7,36661.9875,0.13445043043561128,2025-10-08,84,4,3,2,9,Growing
CUST-0280,Budget,83277.94,23838.96,5,10,16655.588,0.2862578012856706,2025-12-03,28,3,4,4,11,Growing
CUST-0281,Regular,49760.6,9998.61,3,3,16586.866666666665,0.20093427330056313,2025-06-11,203,2,2,1,5,Low Engagement
CUST-0282,Regular,157145.57,40998.009999999995,6,9,26190.928333333333,0.2608919233294327,2025-08-21,132,4,4,1,9,Growing
CUST-0283,Premium,45045.5,14184.5,3,5,15015.166666666666,0.3148927195835322,2025-12-26,5,2,2,5,9,Growing
CUST-0284,Budget,55211.04,16619.67,5,6,11042.208,0.3010207741060483,2025-12-29,2,2,4,5,11,Growing
CUST-0285,Budget,111590.02,27800.28,6,9,18598.336666666666,0.24912873032911007,2025-12-10,21,3,4,4,11,Growing
CUST-0286,Budget,264141.18,54204.07,8,13,33017.6475,0.2052087069498213,2025-12-15,16,5,5,5,15,High Value
CUST-0287,Budget,73443.39,20477.579999999998,5,7,14688.678,0.27882127990006994,2025-09-19,103,3,4,2,9,Growing
CUST-0288,Regular,121969.70999999999,33665.55,4,8,30492.427499999998,0.27601565995360655,2025-10-25,67,4,3,3,10,Growing
CUST-0289,Regular,51949.81,17705.97,8,15,6493.72625,0.34082838801527865,2025-11-08,53,2,5,3,10,Growing
CUST-0290,Budget,88496.41,23171.73,4,4,22124.1025,0.2618380790814,2025-12-22,9,3,3,5,11,Growing
CUST-0291,Premium,109215.31,23293.83,3,7,36405.10333333333,0.21328355887100447,2025-04-21,254,3,2,1,6,At Risk
CUST-0292,Budget,150765.9,24668.84,4,6,37691.475,0.16362347188588403,2025-12-14,17,4,3,5,12,Growing
CUST-0293,Budget,18675.41,5976.13,1,1,18675.41,0.31999993574438257,2025-04-22,253,1,1,1,3,Low Engagement
CUST-0294,Regular,59947.869999999995,11697.91,2,5,29973.934999999998,0.19513470620390683,2025-12-17,14,2,1,5,8,At Risk
CUST-0295,Regular,274363.29,67374.72,7,12,39194.75571428571,0.24556754659123678,2025-12-07,24,5,5,4,14,High Value
CUST-0296,Budget,179542.84,31158.56,6,11,29923.806666666667,0.17354387398572954,2025-12-29,2,5,4,5,14,High Value
CUST-0297,Premium,152549.81,24639.18,4,6,38137.4525,0.16151563872809807,2025-12-09,22,4,3,4,11,Growing
CUST-0298,Budget,164411.65,48849.75,7,9,23487.37857142857,0.29711854360685513,2025-12-13,18,4,5,4,13,High Value
CUST-0299,Budget,155377.86,25483.85,6,10,25896.309999999998,0.16401210571441774,2025-11-02,59,4,5,3,12,Growing
CUST-0300,Regular,17805.620000000003,6843.25,3,4,5935.206666666668,0.3843309022656891,2025-07-22,162,1,2,1,4,Low Engagement
CUST-0301,Budget,22184.010000000002,8556.060000000001,4,4,5546.0025000000005,0.38568590620000626,2025-09-12,110,1,3,2,6,At Risk
CUST-0302,Regular,142756.9,17752.85,4,5,35689.225,0.12435721145527816,2025-06-14,200,4,3,1,8,At Risk
CUST-0303,Budget,92386.33,17475.199999999997,3,5,30795.443333333333,0.18915352520226744,2025-03-09,297,3,2,1,6,At Risk
CUST-0304,Premium,189322.85,40200.15,7,9,27046.12142857143,0.21233649292729326,2025-11-14,47,5,5,3,13,High Value
CUST-0305,Regular,105333.8,27995.95,6,9,17555.633333333335,0.26578315792271806,2025-12-05,26,3,5,4,12,Growing
CUST-0306,Premium,65911.35,11179.470000000001,3,5,21970.45,0.16961373117073159,2025-10-16,76,2,2,2,6,At Risk
CUST-0307,Regular,115398.10999999999,25344.57,7,12,16485.444285714282,0.2196272538605702,2025-11-29,32,4,5,4,13,High Value
CUST-0308,Budget,43290.03,11809.72,2,4,21645.015,0.27280461575101705,2025-03-23,283,2,1,1,4,Low Engagement
CUST-0309,Premium,43204.439999999995,14344.82,2,3,21602.219999999998,0.3320218940460749,2025-05-08,237,2,1,1,4,Low Engagement
CUST-0310,Budget,256110.90999999997,60738.39,7,11,36587.27285714285,0.23715658969779932,2025-12-25,6,5,5,5,15,High Value
CUST-0311,Budget,44083.28,14157.99,5,7,8816.655999999999,0.32116462295909015,2025-10-25,67,2,4,3,9,Growing
CUST-0312,Budget,94535.70999999999,20845.66,4,5,23633.927499999998,0.2205056692333511,2025-12-02,29,3,3,4,10,Growing
CUST-0313,Budget,125073.16,34581.83,8,9,15634.145,0.2764928142856549,2025-12-29,2,4,5,5,14,High Value
CUST-0314,Budget,261947.38999999998,31238.829999999998,6,11,43657.89833333333,0.1192561223839642,2025-11-01,60,5,5,3,13,High Value
CUST-0315,Budget,53410.6,15935.63,3,4,17803.533333333333,0.29836081227321914,2025-12-05,26,2,2,4,8,At Risk
CUST-0316,Budget,26832.79,9187.21,2,3,13416.395,0.34238742970820396,2025-08-21,132,1,1,1,3,Low Engagement
CUST-0317,Regular,30816.99,7545.38,4,4,7704.2475,0.24484480801012687,2025-09-23,99,1,3,2,6,At Risk
CUST-0318,Premium,157209.43,29439.18,6,7,26201.571666666667,0.18726090413278645,2025-11-25,36,4,5,4,13,High Value
CUST-0319,Budget,64220.32,16226.63,4,4,16055.08,0.2526712728930656,2025-10-18,74,2,3,3,8,At Risk
CUST-0320,Budget,132683.90000000002,37898.78,7,15,18954.84285714286,0.2856320925146155,2025-12-11,20,4,5,4,13,High Value
CUST-0321,Premium,106655.31999999999,20530.309999999998,4,4,26663.829999999998,0.19249213260060538,2025-10-19,73,3,3,3,9,Growing
CUST-0322,Regular,159485.66999999998,34500.26,4,6,39871.417499999996,0.21632200560714956,2025-07-20,164,4,3,1,8,At Risk
CUST-0323,Budget,154505.84000000003,37644.79,3,8,51501.94666666668,0.24364638902969618,2025-11-17,44,4,2,3,9,Growing
CUST-0324,Regular,249602.87,26716.2,5,8,49920.574,0.10703482696332779,2025-12-24,7,5,4,5,14,High Value
CUST-0325,Budget,61912.34,13620.71,1,1,61912.34,0.2199999224710292,2025-08-07,146,2,1,1,4,Low Engagement
CUST-0326,Regular,36385.61,9251.74,3,3,12128.536666666667,0.2542692014782767,2025-10-03,89,2,2,2,6,At Risk
CUST-0327,Regular,301074.81,68960.61,6,10,50179.135,0.22904808941007054,2025-11-28,33,5,5,4,14,High Value
CUST-0328,Budget,424990.85,81075.51,7,14,60712.97857142857,0.1907700130485162,2025-12-03,28,5,5,4,14,High Value
CUST-0329,Regular,94183.19,23750.550000000003,4,6,23545.7975,0.2521739813654645,2025-11-23,38,3,3,4,10,Growing
CUST-0330,Regular,23820.42,8200.65,4,4,5955.105,0.34426974839234575,2025-11-21,40,1,3,4,8,At Risk
CUST-0331,Premium,101635.5,16467.86,5,5,20327.1,0.16202862188900533,2025-11-12,49,3,4,3,10,Growing
CUST-0332,Budget,58949.020000000004,15376.21,5,6,11789.804,0.26083911148989414,2025-12-06,25,2,4,4,10,Growing
CUST-0333,Regular,234818.07,57933.81,5,8,46963.614,0.24671785267632937,2025-10-11,81,5,4,2,11,Growing
CUST-0334,Premium,159144.99,29724.85,3,3,53048.329999999994,0.18677842136280884,2025-10-25,67,4,2,3,9,Growing
CUST-0335,Regular,276660.7,56460.7,7,13,39522.95714285714,0.20407922050367108,2025-10-12,80,5,5,2,12,Growing
CUST-0336,Budget,8873.27,3331.0,2,3,4436.635,0.3753971196638894,2025-06-10,204,1,1,1,3,Low Engagement
CUST-0337,Budget,284848.52,67069.23,7,10,40692.64571428572,0.23545577839056347,2025-11-17,44,5,5,3,13,High Value
CUST-0338,Premium,98191.83,30705.35,4,7,24547.9575,0.31270778841783475,2025-11-23,38,3,3,4,10,Growing
CUST-0339,Budget,122978.65,31141.019999999997,6,6,20496.441666666666,0.2532229781348226,2025-12-30,1,4,5,5,14,High Value
CUST-0340,Regular,49015.55,16480.93,6,7,8169.258333333334,0.3362388058483481,2025-11-16,45,2,5,3,10,Growing
CUST-0341,Budget,136720.59999999998,15207.519999999999,4,7,34180.149999999994,0.11123064117623827,2025-09-27,95,4,3,2,9,Growing
CUST-0342,Budget,24652.120000000003,6591.33,3,3,8217.373333333335,0.26737375933591107,2025-07-03,181,1,2,1,4,Low Engagement
CUST-0343,Premium,149933.38,23760.949999999997,4,8,37483.345,0.1584767181264105,2025-10-28,64,4,3,3,10,Growing
CUST-0344,Regular,47228.97,10202.24,4,4,11807.2425,0.2160165677972651,2025-12-21,10,2,3,5,10,Growing
CUST-0345,Premium,166726.71,37311.79,4,7,41681.6775,0.22379011737231547,2025-12-24,7,4,3,5,12,Growing
CUST-0346,Regular,7606.97,1830.32,2,2,3803.485,0.24061091341230476,2025-10-20,72,1,1,3,5,Low Engagement
CUST-0347,Budget,81162.51000000001,31124.350000000002,6,15,13527.085000000001,0.3834818563398298,2025-12-10,21,3,5,4,12,Growing
CUST-0348,Budget,34534.38,8104.7,5,8,6906.875999999999,0.23468497190336124,2025-10-31,61,1,4,3,8,At Risk
CUST-0349,Budget,143090.69,19512.440000000002,3,7,47696.89666666667,0.13636414780025172,2025-02-28,306,4,2,1,7,At Risk
CUST-0350,Regular,105767.09,26454.07,5,11,21153.417999999998,0.2501162696260245,2025-10-29,63,3,4,3,10,Growing
CUST-0351,Regular,131438.08,35915.71,2,3,65719.04,0.2732519373380987,2025-12-05,26,4,1,4,9,Growing
CUST-0352,Regular,154816.07,37574.009999999995,6,8,25802.678333333333,0.24270096767086255,2025-12-16,15,4,5,5,14,High Value
CUST-0353,Premium,253019.88999999998,36696.34,6,9,42169.98166666667,0.14503342009989806,2025-12-12,19,5,5,4,14,High Value
CUST-0354,Regular,79180.85,23993.239999999998,5,7,15836.170000000002,0.30301821715730504,2025-10-05,87,3,4,2,9,Growing
CUST-0355,Budget,49134.79,15416.91,5,5,9826.958,0.31376769901733575,2025-09-08,114,2,4,2,8,At Risk
CUST-0356,Budget,59990.68,8160.82,6,7,9998.446666666667,0.13603479740519694,2025-11-15,46,2,5,3,10,Growing
CUST-0357,Budget,24978.62,11477.3,4,8,6244.655,0.4594849515305489,2025-08-29,124,1,3,1,5,Low Engagement
CUST-0358,Budget,45984.69,10643.05,3,5,15328.230000000001,0.2314476840009142,2025-06-06,208,2,2,1,5,Low Engagement
CUST-0359,Regular,135620.85,29686.72,2,3,67810.425,0.2188949560484247,2025-09-05,117,4,1,2,7,At Risk
CUST-0360,Regular,144033.03,32796.92,6,9,24005.505,0.2277041592473615,2025-12-17,14,4,5,5,14,High Value
CUST-0361,Regular,45810.31,13262.59,7,12,6544.33,0.2895110292857656,2025-12-22,9,2,5,5,12,Growing
CUST-0362,Regular,405698.36,88232.73000000001,10,16,40569.835999999996,0.21748357572852897,2025-12-15,16,5,5,5,15,High Value
CUST-0363,Budget,195671.36,29717.41,7,11,27953.051428571427,0.15187409133355032,2025-11-10,51,5,5,3,13,High Value
CUST-0364,Regular,61353.62,19039.41,5,8,12270.724,0.3103225204967531,2025-09-14,108,2,4,2,8,At Risk
CUST-0365,Premium,154476.06,40002.46,7,16,22068.00857142857,0.25895572427209756,2025-12-19,12,4,5,5,14,High Value
CUST-0366,Budget,124072.74000000002,11971.71,4,9,31018.185000000005,0.09648944643279415,2025-09-07,115,4,3,2,9,Growing
CUST-0367,Budget,76383.06999999999,15929.18,2,2,38191.534999999996,0.20854333296632357,2025-12-29,2,3,1,5,9,Growing
CUST-0368,Regular,68894.81,17299.63,4,6,17223.7025,0.2511020786616583,2025-11-02,59,3,3,3,9,Growing
CUST-0369,Budget,102080.42,19702.43,5,8,20416.084,0.19300890415615454,2025-12-03,28,3,4,4,11,Growing
CUST-0370,Budget,77292.15,19032.31,2,2,38646.075,0.24623858955922437,2025-09-07,115,3,1,2,6,At Risk
CUST-0371,Regular,221987.21,56267.56,8,15,27748.40125,0.25347208066626903,2025-12-14,17,5,5,5,15,High Value
CUST-0372,Regular,344853.95,77931.93000000001,10,22,34485.395000000004,0.2259853192924135,2025-11-23,38,5,5,4,14,High Value
CUST-0373,Budget,55428.58,10266.1,3,5,18476.193333333333,0.18521311568869345,2025-12-30,1,2,2,5,9,Growing
CUST-0374,Budget,73298.27,11222.3,5,7,14659.654,0.15310456849800136,2025-09-16,106,3,4,2,9,Growing
CUST-0375,Regular,72782.79000000001,22405.1,5,7,14556.558,0.3078351352016046,2025-12-13,18,3,4,4,11,Growing
CUST-0376,Regular,12922.49,3755.12,1,2,12922.49,0.2905879594412532,2025-08-10,143,1,1,1,3,Low Engagement
CUST-0377,Budget,62319.91,19380.36,7,11,8902.844285714285,0.31098183550008335,2025-12-19,12,2,5,5,12,Growing
CUST-0378,Budget,62374.68,16434.76,6,9,10395.78,0.26348447799652036,2025-09-02,120,2,5,1,8,At Risk
CUST-0379,Budget,147586.43000000002,32460.57,6,10,24597.73833333334,0.21994278200238324,2025-09-25,97,4,5,2,11,Growing
CUST-0380,Budget,140604.66999999998,13382.300000000001,6,8,23434.111666666664,0.09517678182381853,2025-11-22,39,4,5,4,13,High Value
CUST-0381,Budget,24629.75,8312.86,3,4,8209.916666666666,0.33751296704189043,2025-11-24,37,1,2,4,7,At Risk
CUST-0382,Budget,5536.18,2491.28,1,2,5536.18,0.44999981937003497,2025-11-30,31,1,1,4,6,At Risk
CUST-0383,Budget,88341.32999999999,24327.510000000002,5,8,17668.265999999996,0.2753808438247421,2025-11-24,37,3,4,4,11,Growing
CUST-0384,Regular,208822.93,43750.48,5,9,41764.585999999996,0.20950994222712996,2025-12-31,0,5,4,5,14,High Value
CUST-0385,Budget,35135.32,11035.43,3,4,11711.773333333333,0.3140836628213433,2025-11-28,33,1,2,4,7,At Risk
CUST-0386,Regular,157181.33000000002,47434.94,7,13,22454.475714285716,0.3017848239355145,2025-11-06,55,4,5,3,12,Growing
CUST-0387,Premium,300100.93,58471.99,8,11,37512.61625,0.19484108229854535,2025-12-21,10,5,5,5,15,High Value
CUST-0388,Regular,148049.03999999998,38488.520000000004,9,12,16449.89333333333,0.2599714256843544,2025-12-15,16,4,5,5,14,High Value
CUST-0389,Premium,219251.44,50223.71,6,9,36541.90666666667,0.22906900862315888,2025-12-25,6,5,5,5,15,High Value
CUST-0390,Regular,115157.72,31436.489999999998,7,11,16451.102857142858,0.2729863877124347,2025-07-21,163,4,5,1,10,Growing
CUST-0391,Regular,25006.53,7670.6,2,3,12503.265,0.3067438784989361,2025-03-19,287,1,1,1,3,Low Engagement
CUST-0392,Budget,58499.549999999996,17706.0,6,8,9749.925,0.3026689948897043,2025-12-27,4,2,5,5,12,Growing
CUST-0393,Regular,55369.94,12126.39,5,6,11073.988000000001,0.21900673903565723,2025-10-14,78,2,4,2,8,At Risk
CUST-0394,Budget,16422.46,4543.45,3,3,5474.153333333333,0.2766607438836813,2025-11-28,33,1,2,4,7,At Risk
CUST-0395,Regular,19271.77,6580.69,4,4,4817.9425,0.3414678568704379,2025-12-19,12,1,3,5,9,Growing
CUST-0396,Budget,40248.71,14523.73,5,8,8049.742,0.3608495775392553,2025-12-23,8,2,4,5,11,Growing
CUST-0397,Regular,2556.33,1073.66,1,1,2556.33,0.4200005476601222,2025-01-05,360,1,1,1,3,Low Engagement
CUST-0398,Budget,292966.06,45599.43,7,13,41852.294285714284,0.15564748353444083,2025-09-30,92,5,5,2,12,Growing
CUST-0399,Budget,198850.57,46720.33,3,4,66283.52333333333,0.2349519541231388,2025-12-30,1,5,2,5,12,Growing
CUST-0400,Regular,105789.08,28213.559999999998,6,14,17631.513333333332,0.2666963357654684,2025-12-09,22,3,5,4,12,Growing
